{
  "B": 0.18181818181818182,
  "C": 0.0,
  "D": 0.0,
  "E": 0.22727272727272727,
  "F": 0.045454545454545456,
  "G": 0.0,
  "H": 0.0,
  "I": 0.0,
  "J": 0.0,
  "K": 0.045454545454545456,
  "L": 0.0,
  "M": 0.0,
  "N": 0.0,
  "O": 0.22727272727272727,
  "P": 0.0,
  "Q": 0.0,
  "R": 0.045454545454545456,
  "S": 0.0,
  "T": 0.0,
  "U": 0.18181818181818182,
  "V": 0.0,
  "W": 0.0,
  "X": 0.045454545454545456,
  "Y": 0.0,
  "Z": 0.0,
  "AB": 0.0,
  "AC": 0.0,
  "AD": 0.0,
  "AE": 0.0,
  "AF": 0.0,
  "AG": 0.0,
  "AH": 0.0,
  "AI": 0.0,
  "Target": 0.0
}