{
  "A": 0.0011560693641618498,
  "B": 0.003468208092485549,
  "C": 0.0011560693641618498,
  "D": 0.0023121387283236996,
  "E": 0.0,
  "F": 0.015028901734104046,
  "G": 0.0023121387283236996,
  "H": 0.09248554913294797,
  "I": 0.0011560693641618498,
  "J": 0.0011560693641618498,
  "K": 0.006936416184971098,
  "L": 0.009248554913294798,
  "M": 0.003468208092485549,
  "N": 0.18728323699421964,
  "O": 0.10520231213872833,
  "P": 0.0,
  "Q": 0.0011560693641618498,
  "R": 0.003468208092485549,
  "S": 0.0023121387283236996,
  "T": 0.10404624277456648,
  "U": 0.10751445086705202,
  "V": 0.013872832369942197,
  "W": 0.010404624277456647,
  "X": 0.011560693641618497,
  "Y": 0.0,
  "Z": 0.0011560693641618498,
  "AB": 0.10289017341040463,
  "AC": 0.0011560693641618498,
  "AD": 0.0,
  "AE": 0.09364161849710982,
  "AF": 0.10404624277456648,
  "AG": 0.009248554913294798,
  "AH": 0.0,
  "AI": 0.0011560693641618498
}